-- tenant
INSERT INTO TENANT (ID, NAME) VALUES (2, 'SAAS');
INSERT INTO TENANT (ID, NAME) VALUES (3, 'Apple Demo');

-- user groups
INSERT INTO USER_GROUP (ID, CREATED_BY, CREATED_DATE, LAST_MODIFIED_BY, LAST_MODIFIED_DATE, LOCK_VERSION, DELETED, INACTIVE, UUID, NAME, TENANT) VALUES (7, 'admin', '2014-11-09 15:26:38', 'admin', '2014-11-09 15:26:38', 0, FALSE, FALSE, 'fa7233a6-f52e-4706-b0ec-e364d3cebcfa', 'iPhone', 2);
INSERT INTO USER_GROUP (ID, CREATED_BY, CREATED_DATE, LAST_MODIFIED_BY, LAST_MODIFIED_DATE, LOCK_VERSION, DELETED, INACTIVE, UUID, NAME, TENANT) VALUES (8, 'admin', '2014-11-09 15:26:43', 'admin', '2014-11-09 15:26:43', 0, FALSE, FALSE, '001b1ee7-0699-4df4-8824-a5fd2654b99f', 'iMail', 2);
INSERT INTO USER_GROUP (ID, CREATED_BY, CREATED_DATE, LAST_MODIFIED_BY, LAST_MODIFIED_DATE, LOCK_VERSION, DELETED, INACTIVE, UUID, NAME, TENANT) VALUES (9, 'admin', '2014-11-09 15:26:49', 'admin', '2014-11-09 15:26:49', 0, FALSE, FALSE, '12fe4a54-3f0f-4bd0-9f0a-074d9027a416', 'iMaps', 2);
INSERT INTO USER_GROUP (ID, CREATED_BY, CREATED_DATE, LAST_MODIFIED_BY, LAST_MODIFIED_DATE, LOCK_VERSION, DELETED, INACTIVE, UUID, NAME, TENANT) VALUES (10, 'admin', '2014-11-09 15:26:53', 'admin', '2014-11-09 15:26:53', 0, FALSE, FALSE, '2c66288b-1d5c-46fa-8700-253c7828786e', 'iMessage', 2);
INSERT INTO USER_GROUP (ID, CREATED_BY, CREATED_DATE, LAST_MODIFIED_BY, LAST_MODIFIED_DATE, LOCK_VERSION, DELETED, INACTIVE, UUID, NAME, TENANT) VALUES (11, 'admin', '2014-11-09 15:27:02', 'admin', '2014-11-09 15:27:02', 0, FALSE, FALSE, '100496c1-8712-4278-aeb1-8377f8bda6e3', 'iPhoto', 2);
INSERT INTO USER_GROUP (ID, CREATED_BY, CREATED_DATE, LAST_MODIFIED_BY, LAST_MODIFIED_DATE, LOCK_VERSION, DELETED, INACTIVE, UUID, NAME, TENANT) VALUES (12, 'admin', '2014-11-09 15:27:11', 'admin', '2014-11-09 15:27:11', 0, FALSE, FALSE, 'bfd6c6d2-0446-4df1-b51d-0b945dcfb586', 'AppStore', 2);
INSERT INTO USER_GROUP (ID, CREATED_BY, CREATED_DATE, LAST_MODIFIED_BY, LAST_MODIFIED_DATE, LOCK_VERSION, DELETED, INACTIVE, UUID, NAME, TENANT) VALUES (13, 'admin', '2014-11-09 15:27:45', 'admin', '2014-11-09 15:27:45', 0, FALSE, FALSE, '1fdfa11f-fc13-4441-b9ef-5329c68b75d9', 'iBookstore', 2);
INSERT INTO USER_GROUP (ID, CREATED_BY, CREATED_DATE, LAST_MODIFIED_BY, LAST_MODIFIED_DATE, LOCK_VERSION, DELETED, INACTIVE, UUID, NAME, TENANT) VALUES (14, 'admin', '2014-11-09 15:30:30', 'admin', '2014-11-09 15:30:30', 0, FALSE, FALSE, '30a12a61-7817-45b6-808e-4952e66d3e02', 'iMovie', 2);
INSERT INTO USER_GROUP (ID, CREATED_BY, CREATED_DATE, LAST_MODIFIED_BY, LAST_MODIFIED_DATE, LOCK_VERSION, DELETED, INACTIVE, UUID, NAME, TENANT) VALUES (15, 'admin', '2014-11-09 15:30:36', 'admin', '2014-11-09 15:30:36', 0, FALSE, FALSE, 'ef2a38e3-0910-443c-b861-642c0f09c9b1', 'GarageBand', 2);
INSERT INTO USER_GROUP (ID, CREATED_BY, CREATED_DATE, LAST_MODIFIED_BY, LAST_MODIFIED_DATE, LOCK_VERSION, DELETED, INACTIVE, UUID, NAME, TENANT) VALUES (16, 'admin', '2014-11-09 15:30:41', 'admin', '2014-11-09 15:30:41', 0, FALSE, FALSE, 'b1229cdb-562b-4092-a046-1abeee6d5907', 'Numbers', 2);
INSERT INTO USER_GROUP (ID, CREATED_BY, CREATED_DATE, LAST_MODIFIED_BY, LAST_MODIFIED_DATE, LOCK_VERSION, DELETED, INACTIVE, UUID, NAME, TENANT) VALUES (17, 'admin', '2014-11-09 15:30:47', 'admin', '2014-11-09 15:30:47', 0, FALSE, FALSE, '52e56d66-3ee3-45e1-a67a-938f334b8297', 'Keynote', 2);
INSERT INTO USER_GROUP (ID, CREATED_BY, CREATED_DATE, LAST_MODIFIED_BY, LAST_MODIFIED_DATE, LOCK_VERSION, DELETED, INACTIVE, UUID, NAME, TENANT) VALUES (18, 'admin', '2014-11-09 15:30:54', 'admin', '2014-11-09 15:30:54', 0, FALSE, FALSE, 'be032233-c01f-448e-82b0-925990e3d7b4', 'Safari', 2);
INSERT INTO USER_GROUP (ID, CREATED_BY, CREATED_DATE, LAST_MODIFIED_BY, LAST_MODIFIED_DATE, LOCK_VERSION, DELETED, INACTIVE, UUID, NAME, TENANT) VALUES (19, 'admin', '2014-11-09 15:31:02', 'admin', '2014-11-09 15:31:02', 0, FALSE, FALSE, '34fd26cd-4897-4cf4-aef3-c258f3bbe001', 'FaceTime', 2);
INSERT INTO USER_GROUP (ID, CREATED_BY, CREATED_DATE, LAST_MODIFIED_BY, LAST_MODIFIED_DATE, LOCK_VERSION, DELETED, INACTIVE, UUID, NAME, TENANT) VALUES (20, 'admin', '2014-11-09 15:31:07', 'admin', '2014-11-09 15:31:07', 0, FALSE, FALSE, '3f0db002-f689-424e-b968-3d0bfe2fbc95', 'Calendar', 2);
INSERT INTO USER_GROUP (ID, CREATED_BY, CREATED_DATE, LAST_MODIFIED_BY, LAST_MODIFIED_DATE, LOCK_VERSION, DELETED, INACTIVE, UUID, NAME, TENANT) VALUES (21, 'admin', '2014-11-09 15:31:12', 'admin', '2014-11-09 15:31:12', 0, FALSE, FALSE, '52985bd3-c6fe-4072-925e-e15ea7b9feac', 'Contacts', 2);
INSERT INTO USER_GROUP (ID, CREATED_BY, CREATED_DATE, LAST_MODIFIED_BY, LAST_MODIFIED_DATE, LOCK_VERSION, DELETED, INACTIVE, UUID, NAME, TENANT) VALUES (22, 'admin', '2014-11-09 15:31:20', 'admin', '2014-11-09 15:31:20', 0, FALSE, FALSE, 'fe48bb68-ef89-4d5b-bf82-c62faf077a3a', 'iTunes', 2);
INSERT INTO USER_GROUP (ID, CREATED_BY, CREATED_DATE, LAST_MODIFIED_BY, LAST_MODIFIED_DATE, LOCK_VERSION, DELETED, INACTIVE, UUID, NAME, TENANT) VALUES (23, 'admin', '2014-11-09 15:31:29', 'admin', '2014-11-09 15:31:29', 0, FALSE, FALSE, 'ca3ffa11-e069-4356-aca8-778ff6e195f4', 'Time Machine', 2);
INSERT INTO USER_GROUP (ID, CREATED_BY, CREATED_DATE, LAST_MODIFIED_BY, LAST_MODIFIED_DATE, LOCK_VERSION, DELETED, INACTIVE, UUID, NAME, TENANT) VALUES (24, 'admin', '2014-11-09 15:36:42', 'admin', '2014-11-09 15:36:42', 0, FALSE, FALSE, 'f5e4d81b-d586-4498-b27d-cf9c79f8ba0b', 'iMac', 2);
INSERT INTO USER_GROUP (ID, CREATED_BY, CREATED_DATE, LAST_MODIFIED_BY, LAST_MODIFIED_DATE, LOCK_VERSION, DELETED, INACTIVE, UUID, NAME, TENANT) VALUES (25, 'admin', '2014-11-09 15:36:45', 'admin', '2014-11-09 15:36:45', 0, FALSE, FALSE, 'a021b0a3-d17c-4620-aeba-e4bdbefc1adb', 'iPad', 2);
INSERT INTO USER_GROUP (ID, CREATED_BY, CREATED_DATE, LAST_MODIFIED_BY, LAST_MODIFIED_DATE, LOCK_VERSION, DELETED, INACTIVE, UUID, NAME, TENANT) VALUES (26, 'admin', '2014-11-09 15:36:55', 'admin', '2014-11-09 15:36:55', 0, FALSE, FALSE, '36054d57-31e3-4db7-b307-23889fee38b1', 'Apple TV', 2);
INSERT INTO USER_GROUP (ID, CREATED_BY, CREATED_DATE, LAST_MODIFIED_BY, LAST_MODIFIED_DATE, LOCK_VERSION, DELETED, INACTIVE, UUID, NAME, TENANT) VALUES (27, 'admin', '2014-11-09 15:37:00', 'admin', '2014-11-09 15:37:00', 0, FALSE, FALSE, '898e583d-3d73-403c-9752-7e89bca66e49', 'iWatch', 2);
INSERT INTO USER_GROUP (ID, CREATED_BY, CREATED_DATE, LAST_MODIFIED_BY, LAST_MODIFIED_DATE, LOCK_VERSION, DELETED, INACTIVE, UUID, NAME, TENANT) VALUES (28, 'admin', '2014-11-09 15:37:20', 'admin', '2014-11-09 15:37:20', 0, FALSE, FALSE, 'bf3d8fdc-f5df-4b9c-8f0a-e64352e29ec3', 'Macbook', 2);

-- ORGANIZATION
INSERT INTO ORGANIZATION (ID, CREATED_BY, CREATED_DATE, LAST_MODIFIED_BY, LAST_MODIFIED_DATE, LOCK_VERSION, DELETED, INACTIVE, UUID, NAME, TENANT) VALUES (1, 'admin', '2014-11-09 15:25:58', 'admin', '2014-11-09 15:25:58', 0, FALSE, FALSE, '5c1456ef-b4bf-4b45-ac50-6c44782a3c00', 'ORG_ZERO', 3);
INSERT INTO ORGANIZATION (ID, CREATED_BY, CREATED_DATE, LAST_MODIFIED_BY, LAST_MODIFIED_DATE, LOCK_VERSION, DELETED, INACTIVE, UUID, NAME, TENANT) VALUES (2, 'admin', '2014-11-09 15:25:58', 'admin', '2014-11-09 15:25:58', 0, FALSE, FALSE, '5c1456ef-b4bf-4b45-ac50-6c44782a3c00', 'PC', 2);
INSERT INTO ORGANIZATION (ID, CREATED_BY, CREATED_DATE, LAST_MODIFIED_BY, LAST_MODIFIED_DATE, LOCK_VERSION, DELETED, INACTIVE, UUID, NAME, TENANT) VALUES (3, 'admin', '2014-11-09 15:26:04', 'admin', '2014-11-09 15:26:04', 0, FALSE, FALSE, '328f2d7c-3a25-4ab5-a4b3-71e992822921', 'IT', 2);
INSERT INTO ORGANIZATION (ID, CREATED_BY, CREATED_DATE, LAST_MODIFIED_BY, LAST_MODIFIED_DATE, LOCK_VERSION, DELETED, INACTIVE, UUID, NAME, TENANT) VALUES (4, 'admin', '2014-11-09 15:26:26', 'admin', '2014-11-09 15:26:26', 0, FALSE, FALSE, '598adb65-3531-4ded-b1bb-7adaca5b72f5', 'Home Entertainment', 2);
INSERT INTO ORGANIZATION (ID, CREATED_BY, CREATED_DATE, LAST_MODIFIED_BY, LAST_MODIFIED_DATE, LOCK_VERSION, DELETED, INACTIVE, UUID, NAME, TENANT) VALUES (5, 'admin', '2014-11-09 15:28:42', 'admin', '2014-11-09 15:28:42', 0, FALSE, FALSE, '1a08f95a-7b3e-42bf-8268-4919491bed03', 'Design', 2);
INSERT INTO ORGANIZATION (ID, CREATED_BY, CREATED_DATE, LAST_MODIFIED_BY, LAST_MODIFIED_DATE, LOCK_VERSION, DELETED, INACTIVE, UUID, NAME, TENANT) VALUES (6, 'admin', '2014-11-09 15:28:47', 'admin', '2014-11-09 15:28:47', 0, FALSE, FALSE, '2d1e4179-a17c-4797-bc7e-a39bb0e69e03', 'Legal', 2);
INSERT INTO ORGANIZATION (ID, CREATED_BY, CREATED_DATE, LAST_MODIFIED_BY, LAST_MODIFIED_DATE, LOCK_VERSION, DELETED, INACTIVE, UUID, NAME, TENANT) VALUES (7, 'admin', '2014-11-09 15:29:03', 'admin', '2014-11-09 15:29:03', 0, FALSE, FALSE, 'c8e82932-76f8-4425-8690-be66d4144169', 'Sales', 2);
INSERT INTO ORGANIZATION (ID, CREATED_BY, CREATED_DATE, LAST_MODIFIED_BY, LAST_MODIFIED_DATE, LOCK_VERSION, DELETED, INACTIVE, UUID, NAME, TENANT) VALUES (8, 'admin', '2014-11-09 15:29:08', 'admin', '2014-11-09 15:29:08', 0, FALSE, FALSE, '43f6091a-e70d-4545-8d1f-2f4e40fd96a8', 'Communication', 2);
INSERT INTO ORGANIZATION (ID, CREATED_BY, CREATED_DATE, LAST_MODIFIED_BY, LAST_MODIFIED_DATE, LOCK_VERSION, DELETED, INACTIVE, UUID, NAME, TENANT) VALUES (9, 'admin', '2014-11-09 15:29:22', 'admin', '2014-11-09 15:29:22', 0, FALSE, FALSE, '52750f18-798c-49d9-878d-e3a05c0b4b20', 'HW Engineering', 2);
INSERT INTO ORGANIZATION (ID, CREATED_BY, CREATED_DATE, LAST_MODIFIED_BY, LAST_MODIFIED_DATE, LOCK_VERSION, DELETED, INACTIVE, UUID, NAME, TENANT) VALUES (10, 'admin', '2014-11-09 15:32:57', 'admin', '2014-11-09 15:32:57', 0, FALSE, FALSE, '75d82c5a-2d77-439f-a06c-4c466cb6eafb', 'HR', 2);
INSERT INTO ORGANIZATION (ID, CREATED_BY, CREATED_DATE, LAST_MODIFIED_BY, LAST_MODIFIED_DATE, LOCK_VERSION, DELETED, INACTIVE, UUID, NAME, TENANT) VALUES (11, 'admin', '2014-11-09 15:33:27', 'admin', '2014-11-09 15:33:27', 0, FALSE, FALSE, '93b540ce-3bcf-4912-9b23-060d2a5c6d53', 'R&D', 2);
INSERT INTO ORGANIZATION (ID, CREATED_BY, CREATED_DATE, LAST_MODIFIED_BY, LAST_MODIFIED_DATE, LOCK_VERSION, DELETED, INACTIVE, UUID, NAME, TENANT) VALUES (12, 'admin', '2014-11-09 15:25:58', 'admin', '2014-11-09 15:25:58', 0, FALSE, FALSE, '5c1456ef-b4bf-4b45-ac50-6c44782a3c00', 'ORG_ZERO', 2);

-- profile
INSERT INTO PROFILE (ID, INACTIVE, UUID, NAME, DEFAULT_PROFILE, MEMORY_CAP, CPU_CAP, STORAGE_CAP, CONTAINER_CAP, TENANT) VALUES (1, FALSE, '5c1456ef-b4bf-4b45-ac50-6c44782a3c00', 'BASIC', TRUE, 1024, 10, 100, 50, 2);
INSERT INTO PROFILE (ID, INACTIVE, UUID, NAME, DEFAULT_PROFILE, MEMORY_CAP, CPU_CAP, STORAGE_CAP, CONTAINER_CAP, TENANT) VALUES (2, FALSE, '43f6091a-e70d-4545-8d1f-2f4e40fd96a8', 'PRO', FALSE, 4096, 10, 100, 50, 2);

-- users
INSERT INTO USERS (ID, USERNAME, FIRSTNAME, LASTNAME, PASSWORD, ENABLED, ORGANIZATION, PROFILE) VALUES (1, 'admin', 'DCHQ', 'Administrator', '$2a$10$ZH/pjD8qtozHaZGoBbJnp.qua7Z560ThP0LKdax4vhYbhO9ok2OKC', TRUE, 2, 2);
INSERT INTO USERS (ID, USERNAME, FIRSTNAME, LASTNAME, PASSWORD, ENABLED, ORGANIZATION, PROFILE) VALUES (2, 'user', 'DCHQ', 'User', '$2a$10$ZH/pjD8qtozHaZGoBbJnp.qua7Z560ThP0LKdax4vhYbhO9ok2OKC', TRUE, 2, 2);

-- authorities
INSERT INTO USERS_AUTHORITIES VALUES (1, 'ROLE_USER');
INSERT INTO USERS_AUTHORITIES VALUES (1, 'ROLE_TENANT_ADMIN');
INSERT INTO USERS_AUTHORITIES VALUES (1, 'ROLE_CLOUD_ADMIN');
INSERT INTO USERS_AUTHORITIES VALUES (2, 'ROLE_USER');


-- registry account
INSERT INTO REGISTRY_ACCOUNT (ID, INACTIVE, NAME, URL, EMAIL, USERNAME, PASSWORD, OWNER, ENTITLEMENT_TYPE, TENANT) VALUES (1, FALSE, 'Public Registry', 'https://registry.hub.docker.com/', '', '', NULL, 1, 'ALL_TENANT_USERS', 2);

-- image
INSERT INTO IMAGE (ID, CREATED_BY, CREATED_DATE, LAST_MODIFIED_BY, LAST_MODIFIED_DATE, UUID, CPU, DESCRIPTION, DOCKER_IMAGE, IMAGE_URL, MEMORY, NAME, PORTS, TAGS, REGISTRY_ACCOUNT ) VALUES (1, 'admin', '2014-10-23 20:09:07', 'admin', '2014-11-01 13:45:41', NULL, 0, NULL, 'ubuntu', 'http://www.solid-run.com/archive/mw/images/8/82/Ubuntu_Logo.png', 268435456, 'Ubuntu', NULL, 'LINUX', 1);
INSERT INTO IMAGE (ID, CREATED_BY, CREATED_DATE, LAST_MODIFIED_BY, LAST_MODIFIED_DATE, UUID, CPU, DESCRIPTION, DOCKER_IMAGE, IMAGE_URL, MEMORY, NAME, PORTS, TAGS, REGISTRY_ACCOUNT ) VALUES (2, 'admin', '2014-10-23 20:09:07', 'admin', '2014-11-01 13:46:14', NULL, 0, NULL, 'tutum/tomcat:latest', 'http://beginlinux.com/images/server/ubuntu/apache-tomcat-7.gif', 536870912, 'Tomcat', NULL, 'App', 1);
INSERT INTO IMAGE (ID, CREATED_BY, CREATED_DATE, LAST_MODIFIED_BY, LAST_MODIFIED_DATE, UUID, CPU, DESCRIPTION, DOCKER_IMAGE, IMAGE_URL, MEMORY, NAME, PORTS, TAGS, REGISTRY_ACCOUNT ) VALUES (3, 'admin', '2014-10-23 20:09:07', 'admin', '2014-11-01 13:46:14', NULL, 0, NULL, 'mysqldb', 'http://www.arvixe.com/images/landing_pages/mysql_hosting.png', 268435456, 'MySQL', NULL, 'Database', 1);
INSERT INTO IMAGE (ID, CREATED_BY, CREATED_DATE, LAST_MODIFIED_BY, LAST_MODIFIED_DATE, UUID, CPU, DESCRIPTION, DOCKER_IMAGE, IMAGE_URL, MEMORY, NAME, PORTS, TAGS, REGISTRY_ACCOUNT ) VALUES (4, 'admin', '2014-10-23 20:09:07', 'admin', '2014-10-24 20:36:07', NULL, 0, NULL, 'zaiste/postgresql', 'http://www.postgresqlstudio.org/wp-content/uploads/2013/08/postgresql_logo.png', 268435456, 'PostgreSQL', NULL, 'LINUX', 1);
INSERT INTO IMAGE (ID, CREATED_BY, CREATED_DATE, LAST_MODIFIED_BY, LAST_MODIFIED_DATE, UUID, CPU, DESCRIPTION, DOCKER_IMAGE, IMAGE_URL, MEMORY, NAME, PORTS, TAGS, REGISTRY_ACCOUNT ) VALUES (5, 'admin', '2014-10-23 20:09:07', 'admin', '2014-10-23 20:09:07', NULL, 0, NULL, 'tutum/tomcat:latest', 'http://beginlinux.com/images/server/ubuntu/apache-tomcat-7.gif', 268435456, 'Tomcat', NULL, 'LINUX', 1);
INSERT INTO IMAGE (ID, CREATED_BY, CREATED_DATE, LAST_MODIFIED_BY, LAST_MODIFIED_DATE, UUID, CPU, DESCRIPTION, DOCKER_IMAGE, IMAGE_URL, MEMORY, NAME, PORTS, TAGS, REGISTRY_ACCOUNT ) VALUES (6, 'admin', '2014-10-23 20:09:07', 'admin', '2014-10-23 20:09:07', NULL, 0, NULL, 'tutum/tomcat:latest', 'http://beginlinux.com/images/server/ubuntu/apache-tomcat-7.gif', 268435456, 'Tomcat', NULL, 'LINUX', 1);
INSERT INTO IMAGE (ID, CREATED_BY, CREATED_DATE, LAST_MODIFIED_BY, LAST_MODIFIED_DATE, UUID, CPU, DESCRIPTION, DOCKER_IMAGE, IMAGE_URL, MEMORY, NAME, PORTS, TAGS, REGISTRY_ACCOUNT ) VALUES (10, 'admin', '2014-10-23 20:09:07', 'admin', '2014-10-23 20:09:07', 'f135fafb-3b39-4a16-b579-472f617640cf', 0, NULL, 'ubuntu', 'http://www.solid-run.com/archive/mw/images/8/82/Ubuntu_Logo.png', 268435456, NULL, NULL, 'LINUX', 1);
INSERT INTO IMAGE (ID, CREATED_BY, CREATED_DATE, LAST_MODIFIED_BY, LAST_MODIFIED_DATE, UUID, CPU, DESCRIPTION, DOCKER_IMAGE, IMAGE_URL, MEMORY, NAME, PORTS, TAGS, REGISTRY_ACCOUNT ) VALUES (16, 'admin', '2014-10-23 20:09:07', 'admin', '2014-10-23 20:09:07', NULL, 0, NULL, 'tutum/tomcat:latest', 'http://beginlinux.com/images/server/ubuntu/apache-tomcat-7.gif', 536870912, 'Tomcat', NULL, 'LINUX', 1);
INSERT INTO IMAGE (ID, CREATED_BY, CREATED_DATE, LAST_MODIFIED_BY, LAST_MODIFIED_DATE, UUID, CPU, DESCRIPTION, DOCKER_IMAGE, IMAGE_URL, MEMORY, NAME, PORTS, TAGS, REGISTRY_ACCOUNT ) VALUES (17, 'admin', '2014-10-23 20:09:07', 'admin', '2014-10-23 20:09:07', NULL, 0, NULL, 'tutum/tomcat:latest', 'http://beginlinux.com/images/server/ubuntu/apache-tomcat-7.gif', 268435456, 'Tomcat', NULL, 'LINUX', 1);
INSERT INTO IMAGE (ID, CREATED_BY, CREATED_DATE, LAST_MODIFIED_BY, LAST_MODIFIED_DATE, UUID, CPU, DESCRIPTION, DOCKER_IMAGE, IMAGE_URL, MEMORY, NAME, PORTS, TAGS, REGISTRY_ACCOUNT ) VALUES (18, 'admin', '2014-10-23 20:09:07', 'admin', '2014-10-23 20:09:07', NULL, 0, NULL, 'tutum/tomcat:latest', 'http://beginlinux.com/images/server/ubuntu/apache-tomcat-7.gif', 268435456, 'Tomcat', NULL, 'LINUX', 1);
INSERT INTO IMAGE (ID, CREATED_BY, CREATED_DATE, LAST_MODIFIED_BY, LAST_MODIFIED_DATE, UUID, CPU, DESCRIPTION, DOCKER_IMAGE, IMAGE_URL, MEMORY, NAME, PORTS, TAGS, REGISTRY_ACCOUNT ) VALUES (19, 'admin', '2014-10-23 20:09:07', 'admin', '2014-10-23 20:09:07', NULL, 0, NULL, 'tutum/tomcat:latest', 'http://beginlinux.com/images/server/ubuntu/apache-tomcat-7.gif', 268435456, 'Tomcat', NULL, 'LINUX', 1);
INSERT INTO IMAGE (ID, CREATED_BY, CREATED_DATE, LAST_MODIFIED_BY, LAST_MODIFIED_DATE, UUID, CPU, DESCRIPTION, DOCKER_IMAGE, IMAGE_URL, MEMORY, NAME, PORTS, TAGS, REGISTRY_ACCOUNT ) VALUES (20, 'admin', '2014-10-23 20:09:07', 'admin', '2014-10-23 20:09:07', '67281ad6-d016-4945-ace3-13faca74fce7', 1, NULL, 'tutum/tomcat:latest', 'http://beginlinux.com/images/server/ubuntu/apache-tomcat-7.gif', 536870912, 'Tomcat', NULL, 'LINUX', 1);
INSERT INTO IMAGE (ID, CREATED_BY, CREATED_DATE, LAST_MODIFIED_BY, LAST_MODIFIED_DATE, UUID, CPU, DESCRIPTION, DOCKER_IMAGE, IMAGE_URL, MEMORY, NAME, PORTS, TAGS, REGISTRY_ACCOUNT ) VALUES (21, 'admin', '2014-10-23 20:09:07', 'admin', '2014-10-23 20:09:07', '85ac0a6a-0fd7-496b-9e08-be2282b86ffc', 0, NULL, 'tutum/mysql', 'http://www.arvixe.com/images/landing_pages/mysql_hosting.png', 268435456, 'MySQL', NULL, 'Database', 1);
INSERT INTO IMAGE (ID, CREATED_BY, CREATED_DATE, LAST_MODIFIED_BY, LAST_MODIFIED_DATE, UUID, CPU, DESCRIPTION, DOCKER_IMAGE, IMAGE_URL, MEMORY, NAME, PORTS, TAGS, REGISTRY_ACCOUNT ) VALUES (22, 'admin', '2014-10-23 20:09:07', 'admin', '2014-10-24 20:36:13', NULL, 0, NULL, 'mongo', NULL, 268435456, 'MongoDB', NULL, NULL, 1);
INSERT INTO IMAGE (ID, CREATED_BY, CREATED_DATE, LAST_MODIFIED_BY, LAST_MODIFIED_DATE, UUID, CPU, DESCRIPTION, DOCKER_IMAGE, IMAGE_URL, MEMORY, NAME, PORTS, TAGS, REGISTRY_ACCOUNT ) VALUES (23, 'admin', '2014-10-24 20:54:39', 'admin', '2014-11-01 13:46:14', NULL, 0, NULL, 'mongo', NULL, 268435456, 'MongoDB', NULL, NULL, 1);
INSERT INTO IMAGE (ID, CREATED_BY, CREATED_DATE, LAST_MODIFIED_BY, LAST_MODIFIED_DATE, UUID, CPU, DESCRIPTION, DOCKER_IMAGE, IMAGE_URL, MEMORY, NAME, PORTS, TAGS, REGISTRY_ACCOUNT ) VALUES (24, 'admin', '2014-10-24 20:55:47', 'admin', '2014-11-01 13:46:14', NULL, 0, NULL, 'mysqldb', 'http://www.arvixe.com/images/landing_pages/mysql_hosting.png', 268435456, 'MySQL', NULL, 'Database', 1);
INSERT INTO IMAGE (ID, CREATED_BY, CREATED_DATE, LAST_MODIFIED_BY, LAST_MODIFIED_DATE, UUID, CPU, DESCRIPTION, DOCKER_IMAGE, IMAGE_URL, MEMORY, NAME, PORTS, TAGS, REGISTRY_ACCOUNT ) VALUES (27, 'admin', '2014-10-25 01:46:15', 'admin', '2014-10-25 01:46:15', 'c13a9606-211e-4f2d-af1c-de053378acc2', 0, NULL, 'tutum/tomcat:latest', 'http://beginlinux.com/images/server/ubuntu/apache-tomcat-7.gif', 536870912, 'Tomcat copy', NULL, 'App', 1);
INSERT INTO IMAGE (ID, CREATED_BY, CREATED_DATE, LAST_MODIFIED_BY, LAST_MODIFIED_DATE, UUID, CPU, DESCRIPTION, DOCKER_IMAGE, IMAGE_URL, MEMORY, NAME, PORTS, TAGS, REGISTRY_ACCOUNT ) VALUES (43, 'admin', '2014-10-25 15:30:13', 'admin', '2014-10-25 15:30:13', '62a58497-8741-49ee-b95c-d74a2ecf8c79', 0, NULL, 'tutum/tomcat:latest', 'http://beginlinux.com/images/server/ubuntu/apache-tomcat-7.gif', 536870912, 'Tomcat', NULL, 'App', 1);
INSERT INTO IMAGE (ID, CREATED_BY, CREATED_DATE, LAST_MODIFIED_BY, LAST_MODIFIED_DATE, UUID, CPU, DESCRIPTION, DOCKER_IMAGE, IMAGE_URL, MEMORY, NAME, PORTS, TAGS, REGISTRY_ACCOUNT ) VALUES (45, 'admin', '2014-10-26 01:20:47', 'admin', '2014-10-28 14:40:14', NULL, 0, NULL, 'jenkins', NULL, 268435456, 'Jenkins', NULL, NULL, 1);
INSERT INTO IMAGE (ID, CREATED_BY, CREATED_DATE, LAST_MODIFIED_BY, LAST_MODIFIED_DATE, UUID, CPU, DESCRIPTION, DOCKER_IMAGE, IMAGE_URL, MEMORY, NAME, PORTS, TAGS, REGISTRY_ACCOUNT ) VALUES (46, 'admin', '2014-10-26 02:16:06', 'admin', '2014-10-26 02:16:06', 'a4b7cd18-7375-41c0-813c-e9121e754ec2', 0, NULL, 'abh1nav/opscenter:latest', NULL, 536870912, 'Cassandra OpsCenter', NULL, NULL, 1);
INSERT INTO IMAGE (ID, CREATED_BY, CREATED_DATE, LAST_MODIFIED_BY, LAST_MODIFIED_DATE, UUID, CPU, DESCRIPTION, DOCKER_IMAGE, IMAGE_URL, MEMORY, NAME, PORTS, TAGS, REGISTRY_ACCOUNT ) VALUES (47, 'admin', '2014-10-26 02:16:56', 'admin', '2014-10-26 02:16:56', 'a48753d9-8799-48d6-88db-2633723fc5ec', 0, NULL, 'abh1nav/cassandra:latest', NULL, 536870912, 'Cassandra', NULL, NULL, 1);
INSERT INTO IMAGE (ID, CREATED_BY, CREATED_DATE, LAST_MODIFIED_BY, LAST_MODIFIED_DATE, UUID, CPU, DESCRIPTION, DOCKER_IMAGE, IMAGE_URL, MEMORY, NAME, PORTS, TAGS, REGISTRY_ACCOUNT ) VALUES (48, 'admin', '2014-10-26 02:26:39', 'admin', '2014-10-26 02:26:39', '82240d66-6d0e-4593-9b48-6eb936b56dfc', 0, NULL, 'ruo91/hadoop:latest', NULL, 536870912, 'Hadoop', NULL, NULL, 1);
INSERT INTO IMAGE (ID, CREATED_BY, CREATED_DATE, LAST_MODIFIED_BY, LAST_MODIFIED_DATE, UUID, CPU, DESCRIPTION, DOCKER_IMAGE, IMAGE_URL, MEMORY, NAME, PORTS, TAGS, REGISTRY_ACCOUNT ) VALUES (55, 'admin', '2014-10-27 20:04:54', 'admin', '2014-10-27 20:04:54', '0a0dd20c-e147-44bb-9bc4-455a6638147f', 0, NULL, 'tutum/tomcat:latest', 'http://beginlinux.com/images/server/ubuntu/apache-tomcat-7.gif', 536870912, 'Tomcat', NULL, 'App', 1);
INSERT INTO IMAGE (ID, CREATED_BY, CREATED_DATE, LAST_MODIFIED_BY, LAST_MODIFIED_DATE, UUID, CPU, DESCRIPTION, DOCKER_IMAGE, IMAGE_URL, MEMORY, NAME, PORTS, TAGS, REGISTRY_ACCOUNT ) VALUES (56, 'admin', '2014-10-27 20:04:54', 'admin', '2014-10-27 20:04:54', 'd88a92cb-6d72-4fcd-a8cc-f078f6a458c5', 0, NULL, 'mysqldb', 'http://www.arvixe.com/images/landing_pages/mysql_hosting.png', 268435456, 'MySQL', NULL, 'Database', 1);
INSERT INTO IMAGE (ID, CREATED_BY, CREATED_DATE, LAST_MODIFIED_BY, LAST_MODIFIED_DATE, UUID, CPU, DESCRIPTION, DOCKER_IMAGE, IMAGE_URL, MEMORY, NAME, PORTS, TAGS, REGISTRY_ACCOUNT ) VALUES (57, 'admin', '2014-10-27 20:35:50', 'admin', '2014-10-27 20:35:50', '048bd694-dce3-4bdc-b78d-0bc2400efbbe', 0, NULL, 'tutum/apache-php', NULL, 268435456, 'Apache', NULL, NULL, 1);
INSERT INTO IMAGE (ID, CREATED_BY, CREATED_DATE, LAST_MODIFIED_BY, LAST_MODIFIED_DATE, UUID, CPU, DESCRIPTION, DOCKER_IMAGE, IMAGE_URL, MEMORY, NAME, PORTS, TAGS, REGISTRY_ACCOUNT ) VALUES (58, 'admin', '2014-10-27 21:34:00', 'admin', '2014-10-27 21:34:00', '51520d48-90a3-45bc-b0b6-5207f92e84ab', 0, NULL, 'tutum/apache-php', NULL, 268435456, 'Apache Load Balancer', NULL, NULL, 1);
INSERT INTO IMAGE (ID, CREATED_BY, CREATED_DATE, LAST_MODIFIED_BY, LAST_MODIFIED_DATE, UUID, CPU, DESCRIPTION, DOCKER_IMAGE, IMAGE_URL, MEMORY, NAME, PORTS, TAGS, REGISTRY_ACCOUNT ) VALUES (59, 'admin', '2014-10-27 21:34:00', 'admin', '2014-10-27 22:58:01', NULL, 0, NULL, 'tutum/tomcat:latest', 'http://beginlinux.com/images/server/ubuntu/apache-tomcat-7.gif', 536870912, 'App Server', NULL, 'App', 1);
INSERT INTO IMAGE (ID, CREATED_BY, CREATED_DATE, LAST_MODIFIED_BY, LAST_MODIFIED_DATE, UUID, CPU, DESCRIPTION, DOCKER_IMAGE, IMAGE_URL, MEMORY, NAME, PORTS, TAGS, REGISTRY_ACCOUNT ) VALUES (60, 'admin', '2014-10-27 21:34:00', 'admin', '2014-10-27 22:58:01', NULL, 0, NULL, 'mysqldb', 'http://www.arvixe.com/images/landing_pages/mysql_hosting.png', 268435456, 'MySQL', NULL, 'Database', 1);
INSERT INTO IMAGE (ID, CREATED_BY, CREATED_DATE, LAST_MODIFIED_BY, LAST_MODIFIED_DATE, UUID, CPU, DESCRIPTION, DOCKER_IMAGE, IMAGE_URL, MEMORY, NAME, PORTS, TAGS, REGISTRY_ACCOUNT ) VALUES (61, 'admin', '2014-10-27 21:56:13', 'admin', '2014-10-27 22:01:08', NULL, 0, NULL, 'nginx', NULL, 268435456, 'Nginx', NULL, NULL, 1);
INSERT INTO IMAGE (ID, CREATED_BY, CREATED_DATE, LAST_MODIFIED_BY, LAST_MODIFIED_DATE, UUID, CPU, DESCRIPTION, DOCKER_IMAGE, IMAGE_URL, MEMORY, NAME, PORTS, TAGS, REGISTRY_ACCOUNT ) VALUES (62, 'admin', '2014-10-27 22:17:53', 'admin', '2014-10-27 22:17:53', '3ccbeddb-7fcf-49ac-be8b-fa504a46d1ea', 0, NULL, 'ubuntu', 'http://www.solid-run.com/archive/mw/images/8/82/Ubuntu_Logo.png', 268435456, 'Ubuntu asdf', NULL, 'LINUX', 1);
INSERT INTO IMAGE (ID, CREATED_BY, CREATED_DATE, LAST_MODIFIED_BY, LAST_MODIFIED_DATE, UUID, CPU, DESCRIPTION, DOCKER_IMAGE, IMAGE_URL, MEMORY, NAME, PORTS, TAGS, REGISTRY_ACCOUNT ) VALUES (63, 'admin', '2014-10-27 22:17:53', 'admin', '2014-10-27 22:17:53', 'e41f5145-c4b7-4d37-babc-66d43b8ca5e3', 0, NULL, 'ubuntu', 'http://www.solid-run.com/archive/mw/images/8/82/Ubuntu_Logo.png', 268435456, 'Ubuntu', NULL, 'LINUX', 1);
INSERT INTO IMAGE (ID, CREATED_BY, CREATED_DATE, LAST_MODIFIED_BY, LAST_MODIFIED_DATE, UUID, CPU, DESCRIPTION, DOCKER_IMAGE, IMAGE_URL, MEMORY, NAME, PORTS, TAGS, REGISTRY_ACCOUNT ) VALUES (66, 'admin', '2014-10-28 14:02:33', 'admin', '2014-10-28 14:02:33', 'd5290dad-41ac-4a39-be6f-9ea0031a3dff', 0, NULL, 'mysqldb', 'http://www.arvixe.com/images/landing_pages/mysql_hosting.png', 268435456, 'MySQL', NULL, 'Database', 1);
INSERT INTO IMAGE (ID, CREATED_BY, CREATED_DATE, LAST_MODIFIED_BY, LAST_MODIFIED_DATE, UUID, CPU, DESCRIPTION, DOCKER_IMAGE, IMAGE_URL, MEMORY, NAME, PORTS, TAGS, REGISTRY_ACCOUNT ) VALUES (67, 'admin', '2014-10-28 14:02:33', 'admin', '2014-10-28 14:02:33', '549daff4-db7c-4c1a-bb3c-0bf1809b3d16', 0, NULL, 'tutum/tomcat:latest', 'http://beginlinux.com/images/server/ubuntu/apache-tomcat-7.gif', 536870912, 'Tomcat', NULL, 'App', 1);
INSERT INTO IMAGE (ID, CREATED_BY, CREATED_DATE, LAST_MODIFIED_BY, LAST_MODIFIED_DATE, UUID, CPU, DESCRIPTION, DOCKER_IMAGE, IMAGE_URL, MEMORY, NAME, PORTS, TAGS, REGISTRY_ACCOUNT ) VALUES (68, 'admin', '2014-10-28 14:02:33', 'admin', '2014-10-28 14:02:33', 'e10ab1fe-e4eb-4e6f-b5cb-310ec43abe4c', 0, NULL, 'tutum/apache-php', NULL, 268435456, 'Apache', NULL, NULL, 1);
INSERT INTO IMAGE (ID, CREATED_BY, CREATED_DATE, LAST_MODIFIED_BY, LAST_MODIFIED_DATE, UUID, CPU, DESCRIPTION, DOCKER_IMAGE, IMAGE_URL, MEMORY, NAME, PORTS, TAGS, REGISTRY_ACCOUNT ) VALUES (69, 'admin', '2014-10-28 15:13:49', 'admin', '2014-10-28 15:13:49', 'd5172326-643f-427a-9899-23b7792c8a4d', 0, NULL, 'mysqldb', 'http://www.arvixe.com/images/landing_pages/mysql_hosting.png', 268435456, 'MySQL', NULL, 'Database', 1);
INSERT INTO IMAGE (ID, CREATED_BY, CREATED_DATE, LAST_MODIFIED_BY, LAST_MODIFIED_DATE, UUID, CPU, DESCRIPTION, DOCKER_IMAGE, IMAGE_URL, MEMORY, NAME, PORTS, TAGS, REGISTRY_ACCOUNT ) VALUES (70, 'admin', '2014-10-28 15:13:49', 'admin', '2014-10-28 15:13:49', '9d23d48a-f932-4659-b2f2-6e4059a301f0', 0, NULL, 'tutum/apache-php', NULL, 268435456, 'Apache', NULL, NULL, 1 );

-- image_envs
INSERT INTO IMAGE_ENVS (IMAGE, HIDDEN, PROP, VAL) VALUES (20, FALSE, 'TOMCAT_PASS', 'apple123');
INSERT INTO IMAGE_ENVS (IMAGE, HIDDEN, PROP, VAL) VALUES (27, FALSE, 'TOMCAT_PASS', 'admin');
INSERT INTO IMAGE_ENVS (IMAGE, HIDDEN, PROP, VAL) VALUES (47, FALSE, 'OPS_IP', '');
INSERT INTO IMAGE_ENVS (IMAGE, HIDDEN, PROP, VAL) VALUES (55, FALSE, 'TOMCAT_PASS', 'admin');
INSERT INTO IMAGE_ENVS (IMAGE, HIDDEN, PROP, VAL) VALUES (56, FALSE, 'user', 'root');
INSERT INTO IMAGE_ENVS (IMAGE, HIDDEN, PROP, VAL) VALUES (56, FALSE, 'password', 'dchq123');
INSERT INTO IMAGE_ENVS (IMAGE, HIDDEN, PROP, VAL) VALUES (56, FALSE, 'url', 'https://raw.githubusercontent.com/intesar/doobie/master/world.sql');
INSERT INTO IMAGE_ENVS (IMAGE, HIDDEN, PROP, VAL) VALUES (56, FALSE, 'right', 'WRITE');
INSERT INTO IMAGE_ENVS (IMAGE, HIDDEN, PROP, VAL) VALUES (62, FALSE, 'asdf', 'asdf');
INSERT INTO IMAGE_ENVS (IMAGE, HIDDEN, PROP, VAL) VALUES (63, FALSE, 'ddd', 'ddd');
INSERT INTO IMAGE_ENVS (IMAGE, HIDDEN, PROP, VAL) VALUES (59, FALSE, 'TOMCAT_PASS', 'admin');
INSERT INTO IMAGE_ENVS (IMAGE, HIDDEN, PROP, VAL) VALUES (60, FALSE, 'user', 'root');
INSERT INTO IMAGE_ENVS (IMAGE, HIDDEN, PROP, VAL) VALUES (60, FALSE, 'password', 'dchq123');
INSERT INTO IMAGE_ENVS (IMAGE, HIDDEN, PROP, VAL) VALUES (60, FALSE, 'url', 'https://raw.githubusercontent.com/intesar/doobie/master/world.sql');
INSERT INTO IMAGE_ENVS (IMAGE, HIDDEN, PROP, VAL) VALUES (60, FALSE, 'right', 'WRITE');
INSERT INTO IMAGE_ENVS (IMAGE, HIDDEN, PROP, VAL) VALUES (66, FALSE, 'user', 'root');
INSERT INTO IMAGE_ENVS (IMAGE, HIDDEN, PROP, VAL) VALUES (66, FALSE, 'password', 'dchq123');
INSERT INTO IMAGE_ENVS (IMAGE, HIDDEN, PROP, VAL) VALUES (66, FALSE, 'url', 'https://raw.githubusercontent.com/intesar/doobie/master/world.sql');
INSERT INTO IMAGE_ENVS (IMAGE, HIDDEN, PROP, VAL) VALUES (66, FALSE, 'access', 'WRITE');
INSERT INTO IMAGE_ENVS (IMAGE, HIDDEN, PROP, VAL) VALUES (67, FALSE, 'TOMCAT_PASS', 'admin');
INSERT INTO IMAGE_ENVS (IMAGE, HIDDEN, PROP, VAL) VALUES (69, FALSE, 'user', 'root');
INSERT INTO IMAGE_ENVS (IMAGE, HIDDEN, PROP, VAL) VALUES (69, FALSE, 'password', 'dchq123');
INSERT INTO IMAGE_ENVS (IMAGE, HIDDEN, PROP, VAL) VALUES (69, FALSE, 'url', 'https://raw.githubusercontent.com/intesar/doobie/master/world.sql');
INSERT INTO IMAGE_ENVS (IMAGE, HIDDEN, PROP, VAL) VALUES (69, FALSE, 'right', 'WRITE');
INSERT INTO IMAGE_ENVS (IMAGE, HIDDEN, PROP, VAL) VALUES (2, FALSE, 'TOMCAT_PASS', 'admin');
INSERT INTO IMAGE_ENVS (IMAGE, HIDDEN, PROP, VAL) VALUES (3, FALSE, 'user', 'root');
INSERT INTO IMAGE_ENVS (IMAGE, HIDDEN, PROP, VAL) VALUES (3, FALSE, 'password', 'dchq123');
INSERT INTO IMAGE_ENVS (IMAGE, HIDDEN, PROP, VAL) VALUES (3, FALSE, 'url', 'https://raw.githubusercontent.com/intesar/doobie/master/world.sql');
INSERT INTO IMAGE_ENVS (IMAGE, HIDDEN, PROP, VAL) VALUES (3, FALSE, 'right', 'WRITE');


-- blueprint
INSERT INTO BLUEPRINT (ID, CREATED_BY, CREATED_DATE, LAST_MODIFIED_BY, LAST_MODIFIED_DATE, UUID, BLUEPRINT_TYPE, DESCRIPTION, NAME, VERSION, IMAGE, OWNER, ENTITLEMENT_TYPE, TENANT) VALUES (1, 'admin', '2014-10-23 18:31:03', 'admin', '2014-11-01 13:45:41', '0955a0a0-581d-11e4-8ed6-0800200c9a66', 'IMAGE', 'Linux OS', 'Ubuntu', '14.x', 1, 1, 'ALL_TENANT_USERS', 2);
INSERT INTO BLUEPRINT (ID, CREATED_BY, CREATED_DATE, LAST_MODIFIED_BY, LAST_MODIFIED_DATE, UUID, BLUEPRINT_TYPE, DESCRIPTION, NAME, VERSION, IMAGE, OWNER, ENTITLEMENT_TYPE, TENANT) VALUES (2, 'admin', '2014-10-23 18:31:03', 'admin', '2014-10-24 20:45:57', '1266cb60-581d-11e4-8ed6-0800200c9a66', 'IMAGE', 'App Server', 'Tomcat', '8.x', 2, 1, 'ALL_TENANT_USERS', 2);
INSERT INTO BLUEPRINT (ID, CREATED_BY, CREATED_DATE, LAST_MODIFIED_BY, LAST_MODIFIED_DATE, UUID, BLUEPRINT_TYPE, DESCRIPTION, NAME, VERSION, IMAGE, OWNER, ENTITLEMENT_TYPE, TENANT) VALUES (3, 'admin', '2014-10-23 18:31:03', 'admin', '2014-10-24 20:36:04', '1a7bbbd0-581d-11e4-8ed6-0800200c9a66', 'IMAGE', 'Opensource database.\nhttps://github.com/nkratzke/EasyMySQL', 'MySQL', '5.x', 3, 1, 'ALL_TENANT_USERS', 2 );
INSERT INTO BLUEPRINT (ID, CREATED_BY, CREATED_DATE, LAST_MODIFIED_BY, LAST_MODIFIED_DATE, UUID, BLUEPRINT_TYPE, DESCRIPTION, NAME, VERSION, IMAGE, OWNER, ENTITLEMENT_TYPE, TENANT) VALUES (4, 'admin', '2014-10-23 18:31:03', 'admin', '2014-10-24 20:36:07', '23302090-581d-11e4-8ed6-0800200c9a66', 'IMAGE', 'Opensource database', 'PostgreSQL', '9.x', 4, 1, 'ALL_TENANT_USERS', 2 );
INSERT INTO BLUEPRINT (ID, CREATED_BY, CREATED_DATE, LAST_MODIFIED_BY, LAST_MODIFIED_DATE, UUID, BLUEPRINT_TYPE, DESCRIPTION, NAME, VERSION, IMAGE, OWNER, ENTITLEMENT_TYPE, TENANT) VALUES (5, 'admin', '2014-10-23 18:31:03', 'admin', '2014-11-01 13:46:14', '8802547e-d885-438c-84e0-b3702c5e8017', 'MULTI_IMAGE', 'DCHQ standard LAMP Stack', 'LAMP', '2.0', NULL, 1 , 'ALL_TENANT_USERS', 2);
INSERT INTO BLUEPRINT (ID, CREATED_BY, CREATED_DATE, LAST_MODIFIED_BY, LAST_MODIFIED_DATE, UUID, BLUEPRINT_TYPE, DESCRIPTION, NAME, VERSION, IMAGE, OWNER, ENTITLEMENT_TYPE, TENANT) VALUES (11, 'admin', '2014-10-23 20:09:07', 'admin', '2014-10-25 15:29:27', '1551a987-7c0c-4382-8051-c72547452ec8', 'MULTI_IMAGE', NULL, 'Clustered Two App Servers', NULL, NULL, 1, 'ALL_TENANT_USERS', 2 );
INSERT INTO BLUEPRINT (ID, CREATED_BY, CREATED_DATE, LAST_MODIFIED_BY, LAST_MODIFIED_DATE, UUID, BLUEPRINT_TYPE, DESCRIPTION, NAME, VERSION, IMAGE, OWNER, ENTITLEMENT_TYPE, TENANT) VALUES (14, 'admin', '2014-10-24 01:11:49', 'admin', '2014-10-24 01:11:59', '0cb80362-7d51-4194-a355-e861a87f7e8d', 'MULTI_IMAGE', NULL, 'Multi-Tier Enterprise App Blueprint', '11.2.1', NULL, 1 , 'ALL_TENANT_USERS', 2);
INSERT INTO BLUEPRINT (ID, CREATED_BY, CREATED_DATE, LAST_MODIFIED_BY, LAST_MODIFIED_DATE, UUID, BLUEPRINT_TYPE, DESCRIPTION, NAME, VERSION, IMAGE, OWNER, ENTITLEMENT_TYPE, TENANT) VALUES (15, 'admin', '2014-10-24 08:57:53', 'admin', '2014-10-24 08:57:53', 'f0fea8c3-a817-4d95-a0da-dba04e0f8e01', 'MULTI_IMAGE', NULL, 'LAMP Java', '5.0', NULL, 1, 'ALL_TENANT_USERS', 2 );
INSERT INTO BLUEPRINT (ID, CREATED_BY, CREATED_DATE, LAST_MODIFIED_BY, LAST_MODIFIED_DATE, UUID, BLUEPRINT_TYPE, DESCRIPTION, NAME, VERSION, IMAGE, OWNER, ENTITLEMENT_TYPE, TENANT) VALUES (16, 'admin', '2014-10-24 17:47:31', 'admin', '2014-10-24 20:36:13', '137287f4-05b0-4ce0-8d3c-d001cf742d07', 'IMAGE', 'MongoDB (from “humongous”) is a cross-platform document-oriented database. Classified as a NoSQL database, MongoDB eschews the traditional table-based relational database structure in favor of JSON-like documents with dynamic schemas (MongoDB calls the format BSON), making the integration of data in certain types of applications easier and faster. Released under a combination of the GNU Affero General Public License and the Apache License, MongoDB is free and open-source software.\n\nFirst developed by the software company 10gen (now MongoDB Inc.) in October 2007 as a component of a planned platform as a service product, the company shifted to an open source development model in 2009, with 10gen offering commercial support and other services. Since then, MongoDB has been adopted as backend software by a number of major websites and services, including Craigslist, eBay, Foursquare, SourceForge, Viacom, and the New York Times, among others. MongoDB is the most popular NoSQL database system.', 'MongoDB', NULL, 22, 1 , 'ALL_TENANT_USERS', 2);
INSERT INTO BLUEPRINT (ID, CREATED_BY, CREATED_DATE, LAST_MODIFIED_BY, LAST_MODIFIED_DATE, UUID, BLUEPRINT_TYPE, DESCRIPTION, NAME, VERSION, IMAGE, OWNER, ENTITLEMENT_TYPE, TENANT) VALUES (19, 'admin', '2014-10-25 01:46:15', 'admin', '2014-10-25 01:46:15', '30d25454-b7da-4a48-8b88-72e4ff99de80', 'IMAGE', 'App Server', 'Tomcat copy', NULL, 27, 1 , 'ALL_TENANT_USERS', 2);
INSERT INTO BLUEPRINT (ID, CREATED_BY, CREATED_DATE, LAST_MODIFIED_BY, LAST_MODIFIED_DATE, UUID, BLUEPRINT_TYPE, DESCRIPTION, NAME, VERSION, IMAGE, OWNER, ENTITLEMENT_TYPE, TENANT) VALUES (25, 'admin', '2014-10-26 01:20:47', 'admin', '2014-10-28 14:40:14', '0a941a5e-fcc8-4242-a536-686c307dfe38', 'IMAGE', NULL, 'Jenkins', NULL, 45, 1 , 'ALL_TENANT_USERS', 2);
INSERT INTO BLUEPRINT (ID, CREATED_BY, CREATED_DATE, LAST_MODIFIED_BY, LAST_MODIFIED_DATE, UUID, BLUEPRINT_TYPE, DESCRIPTION, NAME, VERSION, IMAGE, OWNER, ENTITLEMENT_TYPE, TENANT) VALUES (26, 'admin', '2014-10-26 02:16:06', 'admin', '2014-10-26 02:16:06', '1dfee31f-5bd8-4912-bb74-ab305d26ebaf', 'IMAGE', NULL, 'Cassandra OpsCenter', NULL, 46, 1 , 'ALL_TENANT_USERS', 2);
INSERT INTO BLUEPRINT (ID, CREATED_BY, CREATED_DATE, LAST_MODIFIED_BY, LAST_MODIFIED_DATE, UUID, BLUEPRINT_TYPE, DESCRIPTION, NAME, VERSION, IMAGE, OWNER, ENTITLEMENT_TYPE, TENANT) VALUES (27, 'admin', '2014-10-26 02:16:56', 'admin', '2014-10-26 02:16:56', '14571912-2cac-4f5d-b0db-f32b5f9b4e88', 'IMAGE', NULL, 'Cassandra', NULL, 47, 1 , 'ALL_TENANT_USERS', 2);
INSERT INTO BLUEPRINT (ID, CREATED_BY, CREATED_DATE, LAST_MODIFIED_BY, LAST_MODIFIED_DATE, UUID, BLUEPRINT_TYPE, DESCRIPTION, NAME, VERSION, IMAGE, OWNER, ENTITLEMENT_TYPE, TENANT) VALUES (28, 'admin', '2014-10-26 02:26:39', 'admin', '2014-10-26 02:26:39', '43e4ed69-9ae8-4ccd-9cb0-28bb1cfbc593', 'IMAGE', NULL, 'Hadoop', NULL, 48, 1 , 'ALL_TENANT_USERS', 2);
INSERT INTO BLUEPRINT (ID, CREATED_BY, CREATED_DATE, LAST_MODIFIED_BY, LAST_MODIFIED_DATE, UUID, BLUEPRINT_TYPE, DESCRIPTION, NAME, VERSION, IMAGE, OWNER, ENTITLEMENT_TYPE, TENANT) VALUES (33, 'admin', '2014-10-27 20:04:54', 'admin', '2014-10-27 20:04:54', '57b76857-100c-478b-a919-71d53549f3c4', 'MULTI_IMAGE', NULL, '3 Tier Java Web', '1.0', NULL, 1, 'ALL_TENANT_USERS', 2 );
INSERT INTO BLUEPRINT (ID, CREATED_BY, CREATED_DATE, LAST_MODIFIED_BY, LAST_MODIFIED_DATE, UUID, BLUEPRINT_TYPE, DESCRIPTION, NAME, VERSION, IMAGE, OWNER, ENTITLEMENT_TYPE, TENANT) VALUES (34, 'admin', '2014-10-27 20:35:50', 'admin', '2014-10-27 20:35:50', 'c3a03661-ece7-45a1-acdd-e7b0289c23be', 'IMAGE', NULL, 'Apache', NULL, 57, 1 , 'ALL_TENANT_USERS', 2);
INSERT INTO BLUEPRINT (ID, CREATED_BY, CREATED_DATE, LAST_MODIFIED_BY, LAST_MODIFIED_DATE, UUID, BLUEPRINT_TYPE, DESCRIPTION, NAME, VERSION, IMAGE, OWNER, ENTITLEMENT_TYPE, TENANT) VALUES (35, 'admin', '2014-10-27 21:34:00', 'admin', '2014-10-27 22:58:01', 'eed30690-733e-4d48-b43c-a166f35bfbb5', 'MULTI_IMAGE', NULL, 'Enterprise 3 tier App', '1.0', NULL, 1 , 'ALL_TENANT_USERS', 2);
INSERT INTO BLUEPRINT (ID, CREATED_BY, CREATED_DATE, LAST_MODIFIED_BY, LAST_MODIFIED_DATE, UUID, BLUEPRINT_TYPE, DESCRIPTION, NAME, VERSION, IMAGE, OWNER, ENTITLEMENT_TYPE, TENANT) VALUES (36, 'admin', '2014-10-27 21:56:13', 'admin', '2014-10-27 22:01:08', 'f32b6abe-cf70-419e-97a5-f00e1d4595e5', 'IMAGE', NULL, 'Nginx', NULL, 61, 1 , 'ALL_TENANT_USERS', 2);
INSERT INTO BLUEPRINT (ID, CREATED_BY, CREATED_DATE, LAST_MODIFIED_BY, LAST_MODIFIED_DATE, UUID, BLUEPRINT_TYPE, DESCRIPTION, NAME, VERSION, IMAGE, OWNER, ENTITLEMENT_TYPE, TENANT) VALUES (38, 'admin', '2014-10-28 14:02:33', 'admin', '2014-10-28 14:02:33', '01694e5c-e4a3-4713-a095-0f36eda2fd67', 'MULTI_IMAGE', NULL, 'Three Tier App', '1.0', NULL, 1, 'ALL_TENANT_USERS', 2 );
INSERT INTO BLUEPRINT (ID, CREATED_BY, CREATED_DATE, LAST_MODIFIED_BY, LAST_MODIFIED_DATE, UUID, BLUEPRINT_TYPE, DESCRIPTION, NAME, VERSION, IMAGE, OWNER, ENTITLEMENT_TYPE, TENANT) VALUES (39, 'admin', '2014-10-28 15:13:49', 'admin', '2014-10-28 15:13:49', '6d4a9ffb-87ab-495d-b5d5-e88c1f7c44b4', 'MULTI_IMAGE', NULL, 'Two Tier App', '1.0', NULL, 1 , 'ALL_TENANT_USERS', 2);

-- blueprint_image
INSERT INTO BLUEPRINT_IMAGES (BLUEPRINT, IMAGES) VALUES (5, 2);
INSERT INTO BLUEPRINT_IMAGES (BLUEPRINT, IMAGES) VALUES (5, 3);
INSERT INTO BLUEPRINT_IMAGES (BLUEPRINT, IMAGES) VALUES (5, 23);
INSERT INTO BLUEPRINT_IMAGES (BLUEPRINT, IMAGES) VALUES (5, 24);
INSERT INTO BLUEPRINT_IMAGES (BLUEPRINT, IMAGES) VALUES (14, 16);
INSERT INTO BLUEPRINT_IMAGES (BLUEPRINT, IMAGES) VALUES (14, 17);
INSERT INTO BLUEPRINT_IMAGES (BLUEPRINT, IMAGES) VALUES (14, 18);
INSERT INTO BLUEPRINT_IMAGES (BLUEPRINT, IMAGES) VALUES (14, 19);
INSERT INTO BLUEPRINT_IMAGES (BLUEPRINT, IMAGES) VALUES (15, 20);
INSERT INTO BLUEPRINT_IMAGES (BLUEPRINT, IMAGES) VALUES (15, 21);
INSERT INTO BLUEPRINT_IMAGES (BLUEPRINT, IMAGES) VALUES (33, 55);
INSERT INTO BLUEPRINT_IMAGES (BLUEPRINT, IMAGES) VALUES (33, 56);
INSERT INTO BLUEPRINT_IMAGES (BLUEPRINT, IMAGES) VALUES (35, 59);
INSERT INTO BLUEPRINT_IMAGES (BLUEPRINT, IMAGES) VALUES (35, 60);
INSERT INTO BLUEPRINT_IMAGES (BLUEPRINT, IMAGES) VALUES (38, 66);
INSERT INTO BLUEPRINT_IMAGES (BLUEPRINT, IMAGES) VALUES (38, 67);
INSERT INTO BLUEPRINT_IMAGES (BLUEPRINT, IMAGES) VALUES (38, 68);
INSERT INTO BLUEPRINT_IMAGES (BLUEPRINT, IMAGES) VALUES (39, 69);
INSERT INTO BLUEPRINT_IMAGES (BLUEPRINT, IMAGES) VALUES (39, 70);

-- data center
INSERT INTO DATA_CENTER(ID, INACTIVE, NAME, DESCRIPTION, OWNER, ENTITLEMENT_TYPE, profile_enforced, TENANT) VALUES (1, FALSE, 'DCHQ EU', 'DCQH DC', 1, 'ALL_TENANT_USERS', TRUE, 2);
INSERT INTO DATA_CENTER(ID, INACTIVE, NAME, DESCRIPTION, OWNER, ENTITLEMENT_TYPE, profile_enforced, TENANT) VALUES (2, FALSE, 'DCHQ Mock', 'DCQH Mock', 1, 'ALL_TENANT_USERS', FALSE, 2);

-- docker server
INSERT INTO DOCKER_SERVER (ID, INACTIVE, NAME, HOST_OR_IP, DESCRIPTION, ROUTING_KEY, DATA_CENTER, OWNER) VALUES (1, FALSE, 'DEV Server', 'server', 'MY DEV MACHINE', 'dchq.default', 1, 1);
INSERT INTO DOCKER_SERVER (ID, INACTIVE, NAME, HOST_OR_IP, DESCRIPTION, ROUTING_KEY, DATA_CENTER, OWNER) VALUES (2, FALSE, 'Mock Server', 'mock', 'MY Mock MACHINE', 'dchq.mock', 2, 1);